title,link
Podcast,https://cugetliber.ro/stiri-podcast/
Social,https://cugetliber.ro/stiri-social/
Politică-Administrație,https://cugetliber.ro/stiri-politica-administratie/
Interviu,https://cugetliber.ro/stiri-interviu/
Sănătate,https://cugetliber.ro/stiri-sanatate/
Eveniment,https://cugetliber.ro/stiri-eveniment/
Sport,https://cugetliber.ro/stiri-sport/
Cultură-Educație,https://cugetliber.ro/stiri-cultura-educatie/
Actual,https://cugetliber.ro/stiri-actual/
Economie,https://cugetliber.ro/stiri-economie/
